{"accuracy": 0.9375, "precision": 0.9225490196078432, "recall": 0.9533941236068896, "f1": 0.9377179870453414}