{"accuracy": 0.8745, "precision": 0.8629191321499013, "recall": 0.8865248226950354, "f1": 0.8745627186406797}