{"accuracy": 0.8665, "precision": 0.8481624758220503, "recall": 0.8885511651469098, "f1": 0.867887184562098}