{"accuracy": 0.8085, "precision": 0.8075356415478615, "recall": 0.8034447821681864, "f1": 0.8054850177755206}