{"accuracy": 0.81, "precision": 0.789875835721108, "recall": 0.8378926038500507, "f1": 0.8131760078662733}