{"accuracy": 0.88, "precision": 0.8694362017804155, "recall": 0.8905775075987842, "f1": 0.8798798798798798}