{"accuracy": 0.9315, "precision": 0.9233067729083665, "recall": 0.939209726443769, "f1": 0.9311903566047212}