{"accuracy": 0.87, "precision": 0.8616915422885573, "recall": 0.8774062816616008, "f1": 0.8694779116465864}