{"accuracy": 0.926, "precision": 0.9116781157998037, "recall": 0.9412360688956434, "f1": 0.9262213359920239}