{"accuracy": 0.8715, "precision": 0.8502879078694817, "recall": 0.8976697061803445, "f1": 0.8733366190241498}