{"accuracy": 0.871, "precision": 0.894907908992416, "recall": 0.8368794326241135, "f1": 0.8649214659685863}