{"loss": [0.41904354095458984, 0.17654678225517273, 0.09813753515481949, 0.06422590464353561, 0.056120555847883224, 0.04847593232989311, 0.02926243096590042], "accuracy": [0.7822222113609314, 0.9190278053283691, 0.9534721970558167, 0.9695833325386047, 0.9737499952316284, 0.976527750492096, 0.9866666793823242], "val_loss": [0.2999868094921112, 0.3263610601425171, 0.3961932063102722, 0.504429042339325, 0.5586025714874268, 0.5386130809783936, 0.625499963760376], "val_accuracy": [0.862500011920929, 0.875, 0.8700000047683716, 0.8650000095367432, 0.8487499952316284, 0.8675000071525574, 0.8587499856948853]}