{"loss": [0.31250059604644775, 0.08275806158781052, 0.03340136632323265, 0.014346315525472164, 0.00662594847381115, 0.004631231538951397, 0.0025488343089818954], "accuracy": [0.8648611307144165, 0.9681944251060486, 0.9879166483879089, 0.995555579662323, 0.997083306312561, 0.9987499713897705, 0.9991666674613953], "val_loss": [0.2084987759590149, 0.27451443672180176, 0.2962230443954468, 0.32667580246925354, 0.3415655791759491, 0.36154744029045105, 0.3793981075286865], "val_accuracy": [0.9125000238418579, 0.9337499737739563, 0.9337499737739563, 0.9262499809265137, 0.9300000071525574, 0.9312499761581421, 0.9312499761581421]}