{"loss": [0.4645388126373291, 0.21162010729312897, 0.12283895909786224, 0.07238724827766418, 0.04539555311203003, 0.025733450427651405, 0.016461467370390892, 0.018264448270201683], "accuracy": [0.7869444489479065, 0.9075000286102295, 0.9490277767181396, 0.9705555438995361, 0.9827777743339539, 0.9905555844306946, 0.9947222471237183, 0.9951388835906982], "val_loss": [0.4147818386554718, 0.38685929775238037, 0.4017285108566284, 0.5783464908599854, 0.6729428768157959, 0.7155442833900452, 0.9099485278129578, 0.9574949741363525], "val_accuracy": [0.7900000214576721, 0.831250011920929, 0.8462499976158142, 0.8374999761581421, 0.8362500071525574, 0.8412500023841858, 0.8424999713897705, 0.8349999785423279]}