{"accuracy": 0.788, "precision": 0.7767944936086529, "recall": 0.8004052684903749, "f1": 0.7884231536926148}