{"accuracy": 0.7385, "precision": 0.7213740458015268, "recall": 0.7659574468085106, "f1": 0.7429975429975431}