{"accuracy": 0.72, "precision": 0.7180796731358529, "recall": 0.7122593718338399, "f1": 0.7151576805696847}