{"precision": 0.4704706039194774, "recall": 0.7058, "f1": 0.5645948324134069, "accuracy": 0.4557}