{"precision": 0.5295293960805226, "recall": 0.7944, "f1": 0.6354691624670026, "accuracy": 0.5443}