{"precision": 0.47891730141458105, "recall": 0.7042, "f1": 0.570110103626943, "accuracy": 0.469}