{"precision": 0.5210826985854189, "recall": 0.7662, "f1": 0.6203044041450777, "accuracy": 0.531}