{"precision": 0.5041132838840189, "recall": 0.7476, "f1": 0.6021747885622231, "accuracy": 0.5061}