{"precision": 0.4958867161159811, "recall": 0.7354, "f1": 0.5923479661699558, "accuracy": 0.4939}