{"accuracy": 0.795, "precision": 0.775023832221163, "recall": 0.8237082066869301, "f1": 0.7986247544204321}