{"accuracy": 0.868, "precision": 0.8439581351094196, "recall": 0.8986828774062816, "f1": 0.8704612365063789}