{"accuracy": 0.7355, "precision": 0.7136194029850746, "recall": 0.7750759878419453, "f1": 0.7430791646430306}