{"precision": 0.4855137204850032, "recall": 0.7608, "f1": 0.5927541877678224, "accuracy": 0.4773}