{"precision": 0.5144862795149968, "recall": 0.8062, "f1": 0.628126217374367, "accuracy": 0.5227}