{"precision": 0.4651939655172414, "recall": 0.8634, "f1": 0.6046218487394959, "accuracy": 0.4354}