{"precision": 0.4946181445412609, "recall": 0.579, "f1": 0.5334930433981387, "accuracy": 0.4937}