{"precision": 0.5053818554587391, "recall": 0.5916, "f1": 0.5451027365705335, "accuracy": 0.5063}