{"precision": 0.6990496304118268, "recall": 0.1324, "f1": 0.22263326046746257, "accuracy": 0.5377}