{"precision": 0.30095036958817317, "recall": 0.057, "f1": 0.09584664536741214, "accuracy": 0.4623}