{"precision": 0.31053203040173727, "recall": 0.0572, "f1": 0.09660530315825029, "accuracy": 0.4651}