{"precision": 0.6894679695982627, "recall": 0.127, "f1": 0.21449079547373753, "accuracy": 0.5349}