{"precision": 0.48353096179183136, "recall": 0.1468, "f1": 0.22522246087756984, "accuracy": 0.495}