{"precision": 0.5164690382081687, "recall": 0.1568, "f1": 0.24056459036514266, "accuracy": 0.505}