{"accuracy": 0.6725, "precision": 0.6637080867850098, "recall": 0.6818642350557245, "f1": 0.672663668165917}