{"loss": [0.6586529016494751, 0.6127806305885315, 0.594515323638916, 0.589199960231781, 0.5815734267234802, 0.5686821341514587, 0.5657927393913269, 0.5530766248703003, 0.5500988960266113, 0.5477764010429382, 0.5509616732597351, 0.542388379573822, 0.5341408848762512, 0.524755597114563, 0.5256320834159851], "accuracy": [0.5806944370269775, 0.6559722423553467, 0.6700000166893005, 0.6744444370269775, 0.6854166388511658, 0.6913889050483704, 0.6918055415153503, 0.7018055319786072, 0.7036111354827881, 0.7048611044883728, 0.7024999856948853, 0.7104166746139526, 0.7129166722297668, 0.7241666913032532, 0.7191666960716248], "val_loss": [0.6393299102783203, 0.6239187717437744, 0.6267496347427368, 0.6137107610702515, 0.6171679496765137, 0.6443033814430237, 0.6470850110054016, 0.6387687921524048, 0.6279594302177429, 0.6566373705863953, 0.6293289065361023, 0.6261624693870544, 0.6412757039070129, 0.6328892707824707, 0.6599911451339722], "val_accuracy": [0.6175000071525574, 0.6462500095367432, 0.6487500071525574, 0.65625, 0.6474999785423279, 0.6349999904632568, 0.6449999809265137, 0.6650000214576721, 0.675000011920929, 0.6349999904632568, 0.6587499976158142, 0.6775000095367432, 0.6737499833106995, 0.6625000238418579, 0.6512500047683716]}