{"loss": [0.11369850486516953, 0.0009158216416835785, 0.0011016372591257095, 0.0016857610316947103, 5.930983024882153e-05, 4.421079211169854e-05], "accuracy": [0.9733333587646484, 0.9998611211776733, 0.9998611211776733, 0.9994444251060486, 1.0, 1.0], "val_loss": [0.002553805708885193, 0.0003276991774328053, 0.00704911770299077, 0.0003171518328599632, 7.521980296587572e-05, 5.817834608023986e-05], "val_accuracy": [1.0, 1.0, 0.9975000023841858, 1.0, 1.0, 1.0]}