{"loss": [0.16254691779613495, 0.0034578461199998856, 0.0007478643674403429, 0.0005078467656858265, 0.00032903903047554195, 0.00016888229583855718, 0.00011056338553316891], "accuracy": [0.9393055438995361, 0.9994444251060486, 0.9998611211776733, 0.9998611211776733, 0.9998611211776733, 1.0, 1.0], "val_loss": [0.021383844316005707, 0.0002111361682182178, 0.0001857863535406068, 0.00016855186549946666, 0.00011867804278153926, 0.00019553996389731765, 0.00011911246838280931], "val_accuracy": [0.9987499713897705, 1.0, 1.0, 1.0, 1.0, 1.0, 1.0]}