{"accuracy": 0.914, "precision": 0.9079079079079079, "recall": 0.9189463019250254, "f1": 0.9133937562940584}