{"accuracy": 0.7315, "precision": 0.7151051625239006, "recall": 0.7578520770010132, "f1": 0.735858337432366}