{"accuracy": 0.7225, "precision": 0.7222222222222222, "recall": 0.7112462006079028, "f1": 0.7166921898928025}