{"accuracy": 0.7845, "precision": 0.7752475247524753, "recall": 0.7933130699088146, "f1": 0.7841762643965949}