{"precision": 0.49938225846305906, "recall": 0.4042, "f1": 0.4467779374378247, "accuracy": 0.4995}