{"precision": 0.5006177415369409, "recall": 0.4052, "f1": 0.4478832762241627, "accuracy": 0.5005}