{"precision": 0.5159907682162875, "recall": 0.626, "f1": 0.5656967287185976, "accuracy": 0.5194}