{"precision": 0.4840092317837125, "recall": 0.5872, "f1": 0.5306343755647932, "accuracy": 0.4806}