{"precision": 0.48721227621483376, "recall": 0.6096, "f1": 0.5415778251599147, "accuracy": 0.484}