{"precision": 0.5127877237851662, "recall": 0.6416, "f1": 0.57000710732054, "accuracy": 0.516}