{"precision": 0.5310933333333333, "recall": 0.9958, "f1": 0.6927304347826088, "accuracy": 0.5583}