{"precision": 0.4689066666666667, "recall": 0.8792, "f1": 0.6116173913043478, "accuracy": 0.4417}