{"precision": 0.529556914494153, "recall": 0.9872, "f1": 0.689337336778158, "accuracy": 0.5551}