{"accuracy": 0.764, "precision": 0.8512960436562074, "recall": 0.6322188449848024, "f1": 0.7255813953488373}