{"accuracy": 0.824, "precision": 0.7953488372093023, "recall": 0.8662613981762918, "f1": 0.8292919495635305}