{"accuracy": 0.854, "precision": 0.9093050647820966, "recall": 0.7821681864235056, "f1": 0.840958605664488}