{"accuracy": 0.574, "precision": 0.6510067114093959, "recall": 0.2948328267477204, "f1": 0.40585774058577406}