{"accuracy": 0.5555, "precision": 0.6098654708520179, "recall": 0.2755825734549139, "f1": 0.3796231681786462}