{"accuracy": 0.585, "precision": 0.7138964577656676, "recall": 0.26545086119554206, "f1": 0.3870014771048744}