{"precision": 0.543758415079823, "recall": 0.5654, "f1": 0.5543680753015001, "accuracy": 0.5455}