{"precision": 0.45624158492017697, "recall": 0.4744, "f1": 0.46514364153348364, "accuracy": 0.4545}