{"precision": 0.5614659685863874, "recall": 0.5362, "f1": 0.548542199488491, "accuracy": 0.5587}