{"precision": 0.4385340314136126, "recall": 0.4188, "f1": 0.4284398976982097, "accuracy": 0.4413}