{"precision": 0.506797583081571, "recall": 0.5368, "f1": 0.5213675213675214, "accuracy": 0.5072}