{"precision": 0.493202416918429, "recall": 0.5224, "f1": 0.5073815073815073, "accuracy": 0.4928}