{"accuracy": 0.7875, "precision": 0.7844129554655871, "recall": 0.7852077001013171, "f1": 0.7848101265822786}