{"accuracy": 0.8645, "precision": 0.8572854291417166, "recall": 0.8703140830800405, "f1": 0.8637506284565107}