{"accuracy": 0.779, "precision": 0.7622714148219442, "recall": 0.8024316109422492, "f1": 0.7818361303060217}