{"accuracy": 0.7395, "precision": 0.7353535353535353, "recall": 0.7375886524822695, "f1": 0.7364693980778957}