{"accuracy": 0.705, "precision": 0.6914175506268081, "recall": 0.7264437689969605, "f1": 0.7084980237154149}