{"accuracy": 0.695, "precision": 0.6905965621840243, "recall": 0.6919959473150963, "f1": 0.6912955465587045}