{"accuracy": 0.7595, "precision": 0.7470703125, "recall": 0.7750759878419453, "f1": 0.7608155146693187}