{"accuracy": 0.8395, "precision": 0.8363636363636363, "recall": 0.8389057750759878, "f1": 0.8376327769347496}