{"accuracy": 0.7555, "precision": 0.7551229508196722, "recall": 0.7467071935157041, "f1": 0.750891492613347}