{"precision": 0.4901343408900084, "recall": 0.467, "f1": 0.47828758705448593, "accuracy": 0.4906}