{"precision": 0.5098656591099916, "recall": 0.4858, "f1": 0.4975419909873003, "accuracy": 0.5094}