{"precision": 0.5139686184462304, "recall": 0.5372, "f1": 0.525327596323098, "accuracy": 0.5146}