{"precision": 0.4860313815537696, "recall": 0.508, "f1": 0.4967729317426169, "accuracy": 0.4854}