{"precision": 0.5057077625570776, "recall": 0.5316, "f1": 0.5183307332293291, "accuracy": 0.506}