{"precision": 0.4942922374429224, "recall": 0.5196, "f1": 0.5066302652106083, "accuracy": 0.494}