{"precision": 0.4810723594389971, "recall": 0.7752, "f1": 0.5937045263077277, "accuracy": 0.4695}