{"precision": 0.5189276405610028, "recall": 0.8362, "f1": 0.6404227617369993, "accuracy": 0.5305}