{"precision": 0.4671399376142842, "recall": 0.8686, "f1": 0.6075400433657411, "accuracy": 0.4389}