{"precision": 0.5328600623857158, "recall": 0.9908, "f1": 0.6930125201091138, "accuracy": 0.5611}