{"precision": 0.470443085505847, "recall": 0.877, "f1": 0.6123874031143077, "accuracy": 0.4449}