{"accuracy": 0.811, "precision": 0.8, "recall": 0.8226950354609929, "f1": 0.8111888111888113}