{"accuracy": 0.8695, "precision": 0.8572834645669292, "recall": 0.8824721377912867, "f1": 0.8696954568147779}