{"accuracy": 0.8025, "precision": 0.8002028397565923, "recall": 0.7993920972644377, "f1": 0.799797263051191}