{"precision": 0.5437247741687488, "recall": 0.5658, "f1": 0.5545427815348427, "accuracy": 0.5455}