{"precision": 0.4562752258312512, "recall": 0.4748, "f1": 0.46535332745270996, "accuracy": 0.4545}