{"precision": 0.5616323096339925, "recall": 0.534, "f1": 0.5474677055566948, "accuracy": 0.5586}