{"precision": 0.4383676903660076, "recall": 0.4168, "f1": 0.4273118720524913, "accuracy": 0.4414}