{"precision": 0.5065845369583687, "recall": 0.477, "f1": 0.49134734239802225, "accuracy": 0.5062}