{"precision": 0.49341546304163125, "recall": 0.4646, "f1": 0.47857437165224553, "accuracy": 0.4938}