{"precision": 0.49503311258278143, "recall": 0.8372, "f1": 0.6221759809750297, "accuracy": 0.4916}