{"precision": 0.5049668874172185, "recall": 0.854, "f1": 0.6346611177170035, "accuracy": 0.5084}