{"precision": 0.00020470829068577277, "recall": 0.0002, "f1": 0.0002023267577137076, "accuracy": 0.0117}