{"precision": 0.9997952917093142, "recall": 0.9768, "f1": 0.9881638846737482, "accuracy": 0.9883}