{"accuracy": 0.823, "precision": 0.8040345821325648, "recall": 0.8480243161094225, "f1": 0.8254437869822486}