{"accuracy": 0.823, "precision": 0.8161838161838162, "recall": 0.8277608915906788, "f1": 0.8219315895372235}