{"accuracy": 0.89, "precision": 0.8831168831168831, "recall": 0.8956433637284701, "f1": 0.8893360160965794}