{"accuracy": 0.7745, "precision": 0.771255060728745, "recall": 0.7720364741641338, "f1": 0.7716455696202531}