{"accuracy": 0.7915, "precision": 0.7799607072691552, "recall": 0.8044579533941236, "f1": 0.7920199501246883}