{"accuracy": 0.8505, "precision": 0.8352826510721247, "recall": 0.8682877406281662, "f1": 0.851465474416294}