{"accuracy": 0.858, "precision": 0.8469891411648569, "recall": 0.8693009118541033, "f1": 0.858}