{"accuracy": 0.8645, "precision": 0.8442307692307692, "recall": 0.889564336372847, "f1": 0.866304884065121}