{"accuracy": 0.885, "precision": 0.8635926993275697, "recall": 0.9108409321175278, "f1": 0.8865877712031558}