{"precision": 0.5469988674971688, "recall": 0.5796, "f1": 0.5628277335404933, "accuracy": 0.5498}