{"precision": 0.45300113250283125, "recall": 0.48, "f1": 0.4661099242571373, "accuracy": 0.4502}