{"precision": 0.017102417928051897, "recall": 0.0174, "f1": 0.01724992564687221, "accuracy": 0.0087}