{"precision": 0.9828975820719481, "recall": 1.0, "f1": 0.991375037176564, "accuracy": 0.9913}