{"precision": 0.9997964997964998, "recall": 0.9826, "f1": 0.9911236635061529, "accuracy": 0.9912}