{"precision": 0.0002035002035002035, "recall": 0.0002, "f1": 0.00020173492031470649, "accuracy": 0.0088}