{"accuracy": 0.846, "precision": 0.8325171400587659, "recall": 0.8611955420466059, "f1": 0.8466135458167329}