{"accuracy": 0.7765, "precision": 0.768389662027833, "recall": 0.7831813576494427, "f1": 0.7757150025087807}