{"accuracy": 0.7945, "precision": 0.7818003913894325, "recall": 0.8095238095238095, "f1": 0.7954206072672972}