{"accuracy": 0.94, "precision": 0.9606801275239107, "recall": 0.9159067882472138, "f1": 0.9377593360995851}