{"accuracy": 0.562, "precision": 0.5847328244274809, "recall": 0.3880445795339412, "f1": 0.46650426309378806}