{"accuracy": 0.938, "precision": 0.9546891464699684, "recall": 0.9179331306990881, "f1": 0.9359504132231405}