{"accuracy": 0.776, "precision": 0.7676266137040715, "recall": 0.7831813576494427, "f1": 0.7753259779338013}