{"accuracy": 0.7245, "precision": 0.718436873747495, "recall": 0.7264437689969605, "f1": 0.7224181360201511}