{"accuracy": 0.7365, "precision": 0.7281746031746031, "recall": 0.7436676798378926, "f1": 0.7358395989974937}