{"accuracy": 0.7675, "precision": 0.7652439024390244, "recall": 0.7629179331306991, "f1": 0.7640791476407915}