{"accuracy": 0.8505, "precision": 0.8326885880077369, "recall": 0.8723404255319149, "f1": 0.8520534388916379}