{"accuracy": 0.7825, "precision": 0.7658959537572254, "recall": 0.8054711246200608, "f1": 0.7851851851851851}