{"accuracy": 0.8525, "precision": 0.8473895582329317, "recall": 0.8551165146909828, "f1": 0.8512355017650025}