{"accuracy": 0.7925, "precision": 0.7803921568627451, "recall": 0.806484295845998, "f1": 0.7932237169905332}