{"accuracy": 0.805, "precision": 0.7917888563049853, "recall": 0.8206686930091185, "f1": 0.8059701492537312}