{"loss": [1.0549870729446411, 0.6931719183921814, 0.6931729316711426, 0.6931540966033936, 0.6931708455085754, 0.6931506991386414, 0.693179726600647, 0.6931535601615906], "accuracy": [0.5001388788223267, 0.4911110997200012, 0.49000000953674316, 0.4975000023841858, 0.49361109733581543, 0.503333330154419, 0.49916666746139526, 0.49944445490837097], "val_loss": [0.6932081580162048, 0.6931551098823547, 0.6931430697441101, 0.6931552886962891, 0.6931399703025818, 0.6931752562522888, 0.6931841373443604, 0.6931304931640625], "val_accuracy": [0.49125000834465027, 0.49125000834465027, 0.5087500214576721, 0.49125000834465027, 0.5087500214576721, 0.49125000834465027, 0.49125000834465027, 0.5087500214576721]}