{"loss": [0.7190665006637573, 0.6931625008583069, 0.6932005286216736, 0.6931573748588562, 0.6931662559509277, 0.6931606531143188], "accuracy": [0.49888888001441956, 0.5008333325386047, 0.5008333325386047, 0.5008333325386047, 0.5008333325386047, 0.5008333325386047], "val_loss": [0.6930495500564575, 0.6930652856826782, 0.6930904388427734, 0.6930985450744629, 0.6930931210517883, 0.6931202411651611], "val_accuracy": [0.5087500214576721, 0.5087500214576721, 0.5087500214576721, 0.5087500214576721, 0.5087500214576721, 0.5087500214576721]}