{"loss": [0.695553183555603, 0.6931760907173157, 0.6931741237640381, 0.693179726600647, 0.6931523084640503, 0.6931712627410889], "accuracy": [0.4952777922153473, 0.4927777647972107, 0.5008333325386047, 0.4911110997200012, 0.5008333325386047, 0.5008333325386047], "val_loss": [0.6931226253509521, 0.6931295990943909, 0.6930996179580688, 0.6931301951408386, 0.6931091547012329, 0.6931102871894836], "val_accuracy": [0.5087500214576721, 0.5087500214576721, 0.5087500214576721, 0.5087500214576721, 0.5087500214576721, 0.5087500214576721]}