{"precision": 0.3508424182358771, "recall": 0.0708, "f1": 0.11782326510234647, "accuracy": 0.4699}