{"precision": 0.6491575817641229, "recall": 0.131, "f1": 0.218006323847562, "accuracy": 0.5301}