{"precision": 0.6699288256227758, "recall": 0.1506, "f1": 0.2459177008491182, "accuracy": 0.5382}