{"precision": 0.3300711743772242, "recall": 0.0742, "f1": 0.12116263879817114, "accuracy": 0.4618}