{"precision": 0.5195058517555267, "recall": 0.1598, "f1": 0.24441725298256348, "accuracy": 0.506}