{"precision": 0.48049414824447334, "recall": 0.1478, "f1": 0.22606301621290917, "accuracy": 0.494}