{"accuracy": 0.759, "precision": 0.760577915376677, "recall": 0.7467071935157041, "f1": 0.7535787321063395}