{"accuracy": 0.77, "precision": 0.7545893719806763, "recall": 0.7912867274569402, "f1": 0.7725024727992086}