{"accuracy": 0.8125, "precision": 0.7919847328244275, "recall": 0.8409321175278622, "f1": 0.8157248157248157}