{"accuracy": 0.725, "precision": 0.7094918504314478, "recall": 0.7497467071935157, "f1": 0.729064039408867}