{"accuracy": 0.693, "precision": 0.6693914623069936, "recall": 0.7467071935157041, "f1": 0.7059386973180077}