{"accuracy": 0.695, "precision": 0.6821256038647343, "recall": 0.7152988855116514, "f1": 0.6983184965380812}