{"accuracy": 0.9055, "precision": 0.8958333333333334, "recall": 0.9148936170212766, "f1": 0.9052631578947369}