{"accuracy": 0.8395, "precision": 0.8214285714285714, "recall": 0.8622087132725431, "f1": 0.8413247652001977}