{"accuracy": 0.5595, "precision": 0.6409574468085106, "recall": 0.24417426545086118, "f1": 0.3536316947909024}