{"accuracy": 0.5605, "precision": 0.625, "recall": 0.2735562310030395, "f1": 0.38054968287526425}