{"accuracy": 0.5215, "precision": 0.5097911227154047, "recall": 0.7912867274569402, "f1": 0.6200873362445416}