{"accuracy": 0.8, "precision": 0.7903066271018794, "recall": 0.8095238095238095, "f1": 0.7997997997998}