{"accuracy": 0.7425, "precision": 0.743801652892562, "recall": 0.729483282674772, "f1": 0.7365728900255755}