{"accuracy": 0.748, "precision": 0.7346938775510204, "recall": 0.7659574468085106, "f1": 0.7499999999999999}