{"accuracy": 0.572, "precision": 0.7066246056782335, "recall": 0.22695035460992907, "f1": 0.34355828220858897}