{"accuracy": 0.493, "precision": 0.4932466233116558, "recall": 0.9989868287740629, "f1": 0.6604152712659075}