{"loss": [1.0835742950439453, 0.6931048035621643, 0.6930080652236938, 0.6926894783973694, 0.6910025477409363, 0.689047634601593, 0.6861644983291626, 0.6845610737800598, 0.684680163860321, 0.6798139810562134, 0.6774593591690063, 0.6803144216537476, 0.6641634106636047, 0.6894028782844543, 0.6819881200790405], "accuracy": [0.5024999976158142, 0.5006944537162781, 0.5008333325386047, 0.5008333325386047, 0.4952777922153473, 0.512499988079071, 0.5161111354827881, 0.5174999833106995, 0.5202777981758118, 0.5412499904632568, 0.5523611307144165, 0.550694465637207, 0.597777783870697, 0.5243055820465088, 0.539305567741394], "val_loss": [0.6930184960365295, 0.6929811835289001, 0.6927525997161865, 0.691321849822998, 0.6856589317321777, 0.6819801330566406, 0.6779662370681763, 0.6752521395683289, 0.6752808094024658, 0.6744754910469055, 0.6857457756996155, 0.6828837394714355, 0.7025818824768066, 0.6826173663139343, 0.6674870848655701], "val_accuracy": [0.5087500214576721, 0.5087500214576721, 0.5087500214576721, 0.5087500214576721, 0.5087500214576721, 0.5149999856948853, 0.5249999761581421, 0.5299999713897705, 0.5262500047683716, 0.5400000214576721, 0.5224999785423279, 0.5262500047683716, 0.612500011920929, 0.5162500143051147, 0.5687500238418579]}