{"loss": [1.4743256568908691, 0.6931592226028442, 0.6931557655334473, 0.6931514739990234, 0.6931660175323486, 0.6931784152984619], "accuracy": [0.49916666746139526, 0.5008333325386047, 0.5008333325386047, 0.5008333325386047, 0.5008333325386047, 0.5008333325386047], "val_loss": [0.6930579543113708, 0.6930776238441467, 0.6930813789367676, 0.6931092143058777, 0.6931145191192627, 0.6931097507476807], "val_accuracy": [0.5087500214576721, 0.5087500214576721, 0.5087500214576721, 0.5087500214576721, 0.5087500214576721, 0.5087500214576721]}