{"loss": [0.7668010592460632, 0.6931598782539368, 0.6931672096252441, 0.6930901408195496, 0.6931163668632507, 0.6930755376815796, 0.6930662989616394], "accuracy": [0.4980555474758148, 0.48972222208976746, 0.4948611259460449, 0.49861112236976624, 0.49916666746139526, 0.4868055582046509, 0.48875001072883606], "val_loss": [0.6931716799736023, 0.6931447386741638, 0.693145751953125, 0.6931764483451843, 0.6931633949279785, 0.6931384205818176, 0.6931235790252686], "val_accuracy": [0.49125000834465027, 0.5087500214576721, 0.5087500214576721, 0.49125000834465027, 0.49125000834465027, 0.5087500214576721, 0.5087500214576721]}