{"accuracy": 0.9095, "precision": 0.901394422310757, "recall": 0.916919959473151, "f1": 0.9090909090909091}