{"accuracy": 0.843, "precision": 0.8183538315988647, "recall": 0.8763931104356636, "f1": 0.8463796477495108}