{"accuracy": 0.842, "precision": 0.839231547017189, "recall": 0.8409321175278622, "f1": 0.840080971659919}