{"accuracy": 0.8385, "precision": 0.8267716535433071, "recall": 0.851063829787234, "f1": 0.8387418871692461}