{"accuracy": 0.763, "precision": 0.7620020429009193, "recall": 0.7558257345491388, "f1": 0.7589013224821973}