{"accuracy": 0.7535, "precision": 0.7431102362204725, "recall": 0.7649442755825735, "f1": 0.7538691962056915}