{"precision": 0.44359117564926, "recall": 0.6354, "f1": 0.5224469659595462, "accuracy": 0.4192}