{"precision": 0.55640882435074, "recall": 0.797, "f1": 0.6553198487090939, "accuracy": 0.5808}