{"precision": 0.4633790487306682, "recall": 0.6352, "f1": 0.5358528766661044, "accuracy": 0.4498}