{"precision": 0.5366209512693317, "recall": 0.7356, "f1": 0.620550025307913, "accuracy": 0.5502}