{"accuracy": 0.85, "precision": 0.8473205257836198, "recall": 0.8490374873353597, "f1": 0.8481781376518218}