{"accuracy": 0.8865, "precision": 0.8718199608610567, "recall": 0.9027355623100304, "f1": 0.8870084619213539}