{"accuracy": 0.8265, "precision": 0.8155818540433925, "recall": 0.8378926038500507, "f1": 0.8265867066466767}