{"accuracy": 0.856, "precision": 0.8484546360917248, "recall": 0.8622087132725431, "f1": 0.8552763819095477}