{"accuracy": 0.7955, "precision": 0.7855731225296443, "recall": 0.8054711246200608, "f1": 0.7953976988494248}