{"accuracy": 0.7985, "precision": 0.7834951456310679, "recall": 0.817629179331307, "f1": 0.8001983143282102}