{"accuracy": 0.8815, "precision": 0.8727634194831014, "recall": 0.889564336372847, "f1": 0.8810837932764677}