{"accuracy": 0.9335, "precision": 0.9278557114228457, "recall": 0.9381965552178319, "f1": 0.9329974811083125}