{"accuracy": 0.872, "precision": 0.8565853658536585, "recall": 0.889564336372847, "f1": 0.8727634194831013}