{"loss": [0.3873930275440216, 0.12902027368545532, 0.061376407742500305, 0.03825709596276283, 0.027411017566919327, 0.014270161278545856, 0.024084778502583504, 0.034522026777267456], "accuracy": [0.8152777552604675, 0.9477777481079102, 0.976111114025116, 0.98458331823349, 0.9908333420753479, 0.9954166412353516, 0.991527795791626, 0.9888888597488403], "val_loss": [0.32129329442977905, 0.3922404944896698, 0.4950633645057678, 0.5489659905433655, 0.66294264793396, 0.817259669303894, 0.7188636064529419, 0.7857143878936768], "val_accuracy": [0.862500011920929, 0.8662499785423279, 0.8837500214576721, 0.8812500238418579, 0.8787500262260437, 0.8812500238418579, 0.862500011920929, 0.8587499856948853]}