{"loss": [0.3961406648159027, 0.13901273906230927, 0.07291540503501892, 0.041197434067726135, 0.031311675906181335, 0.028778566047549248, 0.030983321368694305, 0.04330059885978699, 0.038003504276275635, 0.018145499750971794, 0.010897237807512283, 0.00643903948366642, 0.003919051960110664, 0.0028857344295829535], "accuracy": [0.8195833563804626, 0.940833330154419, 0.9680555462837219, 0.9831944704055786, 0.9870833158493042, 0.9883333444595337, 0.987500011920929, 0.98416668176651, 0.9884722232818604, 0.9941666722297668, 0.9968055486679077, 0.9980555772781372, 0.9984722137451172, 0.9987499713897705], "val_loss": [0.30838698148727417, 0.39127597212791443, 0.45177900791168213, 0.5891599059104919, 0.6494705080986023, 0.711434543132782, 0.8378459215164185, 0.6139982342720032, 0.6035596132278442, 0.7380828857421875, 0.7498285174369812, 0.8636689782142639, 0.9189731478691101, 0.9531591534614563], "val_accuracy": [0.8687499761581421, 0.862500011920929, 0.8675000071525574, 0.8712499737739563, 0.8575000166893005, 0.8612499833106995, 0.8600000143051147, 0.8650000095367432, 0.8725000023841858, 0.8637499809265137, 0.8650000095367432, 0.8575000166893005, 0.856249988079071, 0.8600000143051147]}