{"loss": [0.2867918610572815, 0.07852178066968918, 0.02898024208843708, 0.01744888164103031, 0.01238049753010273, 0.030959278345108032], "accuracy": [0.8756944537162781, 0.9736111164093018, 0.9902777671813965, 0.9934722185134888, 0.9951388835906982, 0.9905555844306946], "val_loss": [0.18607085943222046, 0.21689674258232117, 0.2819439768791199, 0.35283413529396057, 0.3875894546508789, 0.3890190124511719], "val_accuracy": [0.9262499809265137, 0.9262499809265137, 0.9212499856948853, 0.9212499856948853, 0.9237499833106995, 0.9212499856948853]}