{"accuracy": 0.7395, "precision": 0.7397119341563786, "recall": 0.7284701114488349, "f1": 0.7340479836651354}