{"accuracy": 0.7625, "precision": 0.752465483234714, "recall": 0.7730496453900709, "f1": 0.7626186906546726}