{"accuracy": 0.8075, "precision": 0.7922330097087379, "recall": 0.8267477203647416, "f1": 0.8091224590976698}