{"precision": 0.5490380988306299, "recall": 0.5822, "f1": 0.5651329838866239, "accuracy": 0.552}