{"precision": 0.45096190116937007, "recall": 0.4782, "f1": 0.46418171228887595, "accuracy": 0.448}