{"precision": 0.44331867711718603, "recall": 0.4638, "f1": 0.4533281204183365, "accuracy": 0.4407}