{"precision": 0.556681322882814, "recall": 0.5824, "f1": 0.5692503176620076, "accuracy": 0.5593}