{"precision": 0.5073295092415552, "recall": 0.4776, "f1": 0.4920160708766869, "accuracy": 0.5069}