{"precision": 0.4926704907584449, "recall": 0.4638, "f1": 0.47779952611517457, "accuracy": 0.4931}