{"accuracy": 0.7385, "precision": 0.7315369261477046, "recall": 0.7426545086119554, "f1": 0.7370537958773252}