{"accuracy": 0.737, "precision": 0.720152817574021, "recall": 0.7639311043566362, "f1": 0.7413962635201573}