{"accuracy": 0.7795, "precision": 0.7692307692307693, "recall": 0.790273556231003, "f1": 0.7796101949025489}