{"accuracy": 0.9995, "precision": 0.9989878542510121, "recall": 1.0, "f1": 0.9994936708860759}