{"accuracy": 0.636, "precision": 0.6270853778213935, "recall": 0.6474164133738601, "f1": 0.6370887337986041}