{"precision": 0.5367707816889771, "recall": 0.6496, "f1": 0.5878201067776672, "accuracy": 0.5445}