{"precision": 0.463229218311023, "recall": 0.5606, "f1": 0.5072844086508009, "accuracy": 0.4555}