{"precision": 0.4412523653879236, "recall": 0.513, "f1": 0.4744289281420513, "accuracy": 0.4317}