{"precision": 0.5587476346120763, "recall": 0.6496, "f1": 0.6007583464348468, "accuracy": 0.5683}