{"precision": 0.47746901990236573, "recall": 0.5086, "f1": 0.4925430950997482, "accuracy": 0.476}