{"precision": 0.5225309800976342, "recall": 0.5566, "f1": 0.5390276970753437, "accuracy": 0.524}