{"accuracy": 0.7255, "precision": 0.7290794979079498, "recall": 0.7061803444782169, "f1": 0.7174472465259907}