{"loss": [5.443844318389893, 1.069671630859375, 1.0623031854629517, 1.0808076858520508, 0.8937772512435913, 0.8635805249214172, 0.9069209098815918, 0.7291780710220337, 0.7636350989341736, 0.636055052280426, 0.627981960773468, 0.6147333979606628, 0.5923035144805908, 0.5784124732017517, 0.5865565538406372], "accuracy": [0.601527750492096, 0.6751388907432556, 0.6833333373069763, 0.675000011920929, 0.6931944489479065, 0.6949999928474426, 0.6755555272102356, 0.7026388645172119, 0.690833330154419, 0.7111111283302307, 0.7034721970558167, 0.7108333110809326, 0.7123610973358154, 0.7120833396911621, 0.7145833373069763], "val_loss": [1.3009285926818848, 1.0729093551635742, 1.94166898727417, 1.4931728839874268, 1.1882164478302002, 1.04978609085083, 0.7235704064369202, 0.6600701808929443, 0.8330912590026855, 0.6012973189353943, 0.7068118453025818, 0.5675049424171448, 0.6243327260017395, 0.7222384810447693, 0.5842282772064209], "val_accuracy": [0.6974999904632568, 0.7049999833106995, 0.5887500047683716, 0.6612499952316284, 0.6474999785423279, 0.637499988079071, 0.7087500095367432, 0.7099999785423279, 0.6700000166893005, 0.7112500071525574, 0.6850000023841858, 0.7162500023841858, 0.6924999952316284, 0.6412500143051147, 0.7037500143051147]}