{"loss": [1.5927997827529907, 0.6931805610656738, 0.6931652426719666, 0.6931518316268921, 0.6931520700454712, 0.69315105676651, 0.693179190158844, 0.6931345462799072, 0.6931501626968384, 0.6931395530700684], "accuracy": [0.5052777528762817, 0.4993055462837219, 0.4993055462837219, 0.4993055462837219, 0.4962500035762787, 0.5008333325386047, 0.4888888895511627, 0.5008333325386047, 0.5008333325386047, 0.4925000071525574], "val_loss": [0.6932907104492188, 0.6932116746902466, 0.6931699514389038, 0.6931370496749878, 0.693097710609436, 0.6930626034736633, 0.6930367946624756, 0.6930381059646606, 0.6930399537086487, 0.6930185556411743], "val_accuracy": [0.4925000071525574, 0.4925000071525574, 0.4925000071525574, 0.4925000071525574, 0.5087500214576721, 0.5087500214576721, 0.5087500214576721, 0.5087500214576721, 0.5087500214576721, 0.5087500214576721]}