{"loss": [0.9419798851013184, 0.6931698322296143, 0.6931629180908203, 0.6931840777397156, 0.6931628584861755, 0.693154513835907], "accuracy": [0.4972222149372101, 0.5008333325386047, 0.5008333325386047, 0.4891666769981384, 0.5008333325386047, 0.5008333325386047], "val_loss": [0.6930994391441345, 0.693103551864624, 0.6931151747703552, 0.6931268572807312, 0.6931064128875732, 0.6931111216545105], "val_accuracy": [0.5087500214576721, 0.5087500214576721, 0.5074999928474426, 0.5074999928474426, 0.5074999928474426, 0.5074999928474426]}