{"precision": 0.5081743869209809, "recall": 0.4476, "f1": 0.47596767333049766, "accuracy": 0.5072}