{"precision": 0.49182561307901906, "recall": 0.4332, "f1": 0.4606550404083368, "accuracy": 0.4928}