{"precision": 0.9891162385720506, "recall": 0.4544, "f1": 0.6227216664382623, "accuracy": 0.7247}