{"precision": 0.0108837614279495, "recall": 0.005, "f1": 0.006852131012744964, "accuracy": 0.2753}