{"precision": 0.011373976342129208, "recall": 0.005, "f1": 0.00694637399277577, "accuracy": 0.2852}