{"precision": 0.9886260236578708, "recall": 0.4346, "f1": 0.60377882745207, "accuracy": 0.7148}