{"accuracy": 0.838, "precision": 0.9037758830694276, "recall": 0.75177304964539, "f1": 0.8207964601769911}