{"accuracy": 0.913, "precision": 0.9394594594594594, "recall": 0.8804457953394124, "f1": 0.9089958158995816}