{"accuracy": 0.849, "precision": 0.8240302743614002, "recall": 0.8824721377912867, "f1": 0.8522504892367906}