{"accuracy": 0.5535, "precision": 0.5783333333333334, "recall": 0.3515704154002026, "f1": 0.4373030875866415}