{"accuracy": 0.55, "precision": 0.612987012987013, "recall": 0.23910840932117527, "f1": 0.34402332361516036}