{"accuracy": 0.582, "precision": 0.6659340659340659, "recall": 0.3069908814589666, "f1": 0.42024965325936203}