{"precision": 0.5449826989619377, "recall": 0.315, "f1": 0.39923954372623577, "accuracy": 0.526}