{"precision": 0.45501730103806226, "recall": 0.263, "f1": 0.33333333333333337, "accuracy": 0.474}