{"precision": 0.4774651734498771, "recall": 0.6992, "f1": 0.5674403505924362, "accuracy": 0.467}