{"precision": 0.522534826550123, "recall": 0.7652, "f1": 0.6210030839149489, "accuracy": 0.533}