{"precision": 0.49730700179533216, "recall": 0.7202, "f1": 0.5883506249489421, "accuracy": 0.4961}