{"precision": 0.5026929982046678, "recall": 0.728, "f1": 0.594722653377992, "accuracy": 0.5039}