{"accuracy": 0.7855, "precision": 0.7708737864077669, "recall": 0.8044579533941236, "f1": 0.7873078829945462}