{"accuracy": 0.721, "precision": 0.712166172106825, "recall": 0.729483282674772, "f1": 0.7207207207207207}