{"accuracy": 0.743, "precision": 0.724596391263058, "recall": 0.7730496453900709, "f1": 0.7480392156862745}