{"accuracy": 0.777, "precision": 0.7675568743818002, "recall": 0.7862208713272543, "f1": 0.7767767767767768}