{"accuracy": 0.793, "precision": 0.7789678675754625, "recall": 0.8105369807497467, "f1": 0.7944389275074479}