{"accuracy": 0.85, "precision": 0.8364348677766895, "recall": 0.8652482269503546, "f1": 0.8505976095617531}