{"precision": 0.5348060344827587, "recall": 0.9926, "f1": 0.6950980392156864, "accuracy": 0.5646}