{"precision": 0.4665004336513443, "recall": 0.8606, "f1": 0.6050337457817773, "accuracy": 0.4382}