{"precision": 0.5334995663486557, "recall": 0.9842, "f1": 0.6919291338582677, "accuracy": 0.5618}